{"101 WESTERN DR, BAKERSFIELD, CA 93309": [35.355607, -119.042814], "700 PALO VERDE ST, BAKERSFIELD, CA 93309": [35.363947, -119.044165], "104 SUZANNE ST, BAKERSFIELD, CA 93309": [35.355745, -119.051475], "133 N MCDONALD WAY, BAKERSFIELD, CA 93309": [35.356799, -119.053037], "1601 EL PORTAL DR, BAKERSFIELD, CA 93309": [35.340344, -119.084], "6000 CARDIFF AVE, BAKERSFIELD, CA 93309": [35.332687, -119.068084], "6608 LAFAYETTE WAY, BAKERSFIELD, CA 93309": [35.321294, -119.078428], "7144 HANOVER CIR, BAKERSFIELD, CA 93309": [35.324552, -119.082305], "8101 ESSEX CT, BAKERSFIELD, CA 93311": [35.323816, -119.093003], "9816 ARTISTRY ROSE CT, BAKERSFIELD, CA 93311": [35.329965, -119.112375], "8402 BLACK KNOT CT, BAKERSFIELD, CA 93311": [35.319811, -119.095507], "6304 WILSON RD, BAKERSFIELD, CA 93309": [35.32382, -119.06553], "7113 HANOVER CIR, BAKERSFIELD, CA 93309": [35.323068, -119.083417], "8217 WOODSIDE ST, BAKERSFIELD, CA 93311": [35.3272, -119.09427], "6209 BEL AIRE WAY, BAKERSFIELD, CA 93309": [35.351345, -119.070365], "18 N MCDONALD WAY, BAKERSFIELD, CA 93309": [35.355147, -119.052302], "7159 HANOVER CIR, BAKERSFIELD, CA 93309": [35.323772, -119.083066], "8201 HILLYER WAY, BAKERSFIELD, CA 93311": [35.311297, -119.093835], "4505 SUMMER SIDE AVE, BAKERSFIELD, CA 93309": [35.325755, -119.052692], "7504 HACHITA CT, BAKERSFIELD, CA 93309": [35.320235, -119.085601], "9217 HOXIE CT, BAKERSFIELD, CA 93311": [35.314985, -119.105934], "201 GLEN OAKS DR, BAKERSFIELD, CA 93309": [35.352873, -119.064516], "3900 RENO AVE, BAKERSFIELD, CA 93309": [35.344618, -119.046575], "4318 WOODLAKE DR, BAKERSFIELD, CA 93309": [35.363272, -119.051051], "4305 WHITE LN, BAKERSFIELD, CA 93309": [35.317435, -119.050305], "212 RIVER OAKS DR, BAKERSFIELD, CA 93309": [35.352616, -119.072654], "4713 GARDENWOOD LN, BAKERSFIELD, CA 93309": [35.318925, -119.054989], "3043 CEDARWOOD DR, BAKERSFIELD, CA 93309": [35.327565, -119.064305], "5824 COCHRAN DR, BAKERSFIELD, CA 93309": [35.362223, -119.069175], "3704 LAVERNE AVE, BAKERSFIELD, CA 93309": [35.342989, -119.043807], "2608 WALDEN CT, BAKERSFIELD, CA 93309": [35.330913, -119.06594], "6000 NUTMEG DR, BAKERSFIELD, CA 93309": [35.323479, -119.070733], "3616 S HALF MOON DR, BAKERSFIELD, CA 93309": [35.321557, -119.072847], "3600 WESTCHESTER AVE, BAKERSFIELD, CA 93309": [35.337179, -119.042335], "2201 SANDPIPER RD, BAKERSFIELD, CA 93309": [35.335175, -119.053308], "3404 DEMING CT, BAKERSFIELD, CA 93309": [35.323866, -119.087035], "3317 ALUM AVE, BAKERSFIELD, CA 93309": [35.319253, -119.040435], "5400 SAGE DR, BAKERSFIELD, CA 93309": [35.321511, -119.064227], "5405 SPYGLASS HILL CT, BAKERSFIELD, CA 93309": [35.350644, -119.062163], "3509 CARAWAY CT, BAKERSFIELD, CA 93309": [35.322594, -119.06932], "6712 OLYMPIA DR, BAKERSFIELD, CA 93309": [35.324639, -119.079365], "3900 PEACHWOOD CT, BAKERSFIELD, CA 93309": [35.319418, -119.050037], "3800 VALLEY SPRINGS AVE, BAKERSFIELD, CA 93309": [35.322778, -119.043495], "8513 HASSAM DR, BAKERSFIELD, CA 93311": [35.314825, -119.097887], "6705 REXFORD WAY, BAKERSFIELD, CA 93309": [35.336022, -119.07724], "3601 BIANCHI WAY, BAKERSFIELD, CA 93309": [35.345595, -119.043622], "5501 APPLETREE LN, BAKERSFIELD, CA 93309": [35.327348, -119.062513], "9015 BROADWAY AVE, BAKERSFIELD, CA 93311": [35.297219, -119.102941]}