{"101 WESTERN DR, BAKERSFIELD, CA 93309": [35.355604, -119.042809], "700 PALO VERDE ST, BAKERSFIELD, CA 93309": [35.363948, -119.044161], "104 SUZANNE ST, BAKERSFIELD, CA 93309": [35.355741, -119.05147], "133 N MCDONALD WAY, BAKERSFIELD, CA 93309": [35.356797, -119.053023], "1601 EL PORTAL DR, BAKERSFIELD, CA 93309": [35.340337, -119.083978], "6000 CARDIFF AVE, BAKERSFIELD, CA 93309": [35.332685, -119.068078], "6608 LAFAYETTE WAY, BAKERSFIELD, CA 93309": [35.321298, -119.078417], "7144 HANOVER CIR, BAKERSFIELD, CA 93309": [35.324551, -119.082288], "8101 ESSEX CT, BAKERSFIELD, CA 93311": [35.323813, -119.092991], "9816 ARTISTRY ROSE CT, BAKERSFIELD, CA 93311": [35.329959, -119.112369], "8402 BLACK KNOT CT, BAKERSFIELD, CA 93311": [35.319802, -119.095501], "6304 WILSON RD, BAKERSFIELD, CA 93309": [35.3238424, -119.0655803], "7113 HANOVER CIR, BAKERSFIELD, CA 93309": [35.323068, -119.083409], "8217 WOODSIDE ST, BAKERSFIELD, CA 93311": [35.327177, -119.094327], "6209 BEL AIRE WAY, BAKERSFIELD, CA 93309": [35.351337, -119.070354], "18 N MCDONALD WAY, BAKERSFIELD, CA 93309": [35.355161, -119.052297], "7159 HANOVER CIR, BAKERSFIELD, CA 93309": [35.323771, -119.083054], "8201 HILLYER WAY, BAKERSFIELD, CA 93311": [35.311311, -119.093831], "4505 SUMMER SIDE AVE, BAKERSFIELD, CA 93309": [35.32575, -119.052683], "7504 HACHITA CT, BAKERSFIELD, CA 93309": [35.320231, -119.085593], "9217 HOXIE CT, BAKERSFIELD, CA 93311": [35.31498, -119.105927], "201 GLEN OAKS DR, BAKERSFIELD, CA 93309": [35.35287, -119.064508], "3900 RENO AVE, BAKERSFIELD, CA 93309": [35.344617, -119.046571], "4318 WOODLAKE DR, BAKERSFIELD, CA 93309": [35.36327, -119.05104], "4305 WHITE LN, BAKERSFIELD, CA 93309": [35.317431, -119.0503], "212 RIVER OAKS DR, BAKERSFIELD, CA 93309": [35.352612, -119.072648], "4713 GARDENWOOD LN, BAKERSFIELD, CA 93309": [35.318891, -119.05501], "3043 CEDARWOOD DR, BAKERSFIELD, CA 93309": [35.327562, -119.0643], "5824 COCHRAN DR, BAKERSFIELD, CA 93309": [35.362194, -119.069162], "3704 LAVERNE AVE, BAKERSFIELD, CA 93309": [35.342987, -119.043801], "2608 WALDEN CT, BAKERSFIELD, CA 93309": [35.330915, -119.065947], "6000 NUTMEG DR, BAKERSFIELD, CA 93309": [35.323478, -119.070727], "3616 S HALF MOON DR, BAKERSFIELD, CA 93309": [35.321553, -119.072841], "3600 WESTCHESTER AVE, BAKERSFIELD, CA 93309": [35.337177, -119.042324], "2201 SANDPIPER RD, BAKERSFIELD, CA 93309": [35.335189, -119.053291], "3404 DEMING CT, BAKERSFIELD, CA 93309": [35.323861, -119.087029], "3317 ALUM AVE, BAKERSFIELD, CA 93309": [35.31925, -119.040424], "5400 SAGE DR, BAKERSFIELD, CA 93309": [35.321501, -119.064224], "5405 SPYGLASS HILL CT, BAKERSFIELD, CA 93309": [35.3506574, -119.0622083], "3509 CARAWAY CT, BAKERSFIELD, CA 93309": [35.322587, -119.06931], "6712 OLYMPIA DR, BAKERSFIELD, CA 93309": [35.324639, -119.07936], "3900 PEACHWOOD CT, BAKERSFIELD, CA 93309": [35.319424, -119.050032], "3800 VALLEY SPRINGS AVE, BAKERSFIELD, CA 93309": [35.322776, -119.04349], "8513 HASSAM DR, BAKERSFIELD, CA 93311": [35.314818, -119.097881], "6705 REXFORD WAY, BAKERSFIELD, CA 93309": [35.336012, -119.077234], "3601 BIANCHI WAY, BAKERSFIELD, CA 93309": [35.345592, -119.043613], "5501 APPLETREE LN, BAKERSFIELD, CA 93309": [35.327346, -119.062505], "9015 BROADWAY AVE, BAKERSFIELD, CA 93311": [35.29722, -119.102941]}